common_name;scientific_name;start_time;end_time;confidence;label;filepath;filename;validScientificNameId;Species_NorwegianName;Family_ScientificName;Family_NorwegianName;Order_ScientificName;Order_NorwegianName;Family_ScientificNameId;Order_ScientificNameId;Species_ScientificNameId;Redlist_Status
Redwing;Turdus iliacus;87.0;90.0;0.6077510118484497;Turdus iliacus_Redwing;data_input_lyd/test.wav;test.wav;4547;rødvingetrost;Turdidae;trostefamilien;Passeriformes;spurvefugler;;;4547;LC
Pine Grosbeak;Pinicola enucleator;96.0;99.0;0.7828671932220459;Pinicola enucleator_Pine Grosbeak;data_input_lyd/test.wav;test.wav;4260;konglebit;Fringillidae;finkefamilien;Passeriformes;spurvefugler;;;4260;NT
European Pied Flycatcher;Ficedula hypoleuca;162.0;165.0;0.9743534326553345;Ficedula hypoleuca_European Pied Flycatcher;data_input_lyd/test.wav;test.wav;4348;svarthvit fluesnapper;Muscicapidae;fluesnapperfamilien;Passeriformes;spurvefugler;;;4348;LC
European Pied Flycatcher;Ficedula hypoleuca;174.0;177.0;0.888216495513916;Ficedula hypoleuca_European Pied Flycatcher;data_input_lyd/test.wav;test.wav;4348;svarthvit fluesnapper;Muscicapidae;fluesnapperfamilien;Passeriformes;spurvefugler;;;4348;LC
Red-throated Loon;Gavia stellata;246.0;249.0;0.7169651985168457;Gavia stellata_Red-throated Loon;data_input_lyd/test.wav;test.wav;3926;smålom;Gaviidae;lomfamilien;Gaviiformes;lomfugler;;;3926;LC
European Pied Flycatcher;Ficedula hypoleuca;249.0;252.0;0.9072133302688599;Ficedula hypoleuca_European Pied Flycatcher;data_input_lyd/test.wav;test.wav;4348;svarthvit fluesnapper;Muscicapidae;fluesnapperfamilien;Passeriformes;spurvefugler;;;4348;LC
European Pied Flycatcher;Ficedula hypoleuca;255.0;258.0;0.6605768799781799;Ficedula hypoleuca_European Pied Flycatcher;data_input_lyd/test.wav;test.wav;4348;svarthvit fluesnapper;Muscicapidae;fluesnapperfamilien;Passeriformes;spurvefugler;;;4348;LC
European Pied Flycatcher;Ficedula hypoleuca;261.0;264.0;0.9300158619880676;Ficedula hypoleuca_European Pied Flycatcher;data_input_lyd/test.wav;test.wav;4348;svarthvit fluesnapper;Muscicapidae;fluesnapperfamilien;Passeriformes;spurvefugler;;;4348;LC
European Pied Flycatcher;Ficedula hypoleuca;294.0;297.0;0.6829053163528442;Ficedula hypoleuca_European Pied Flycatcher;data_input_lyd/test.wav;test.wav;4348;svarthvit fluesnapper;Muscicapidae;fluesnapperfamilien;Passeriformes;spurvefugler;;;4348;LC
European Pied Flycatcher;Ficedula hypoleuca;324.0;327.0;0.9420471787452698;Ficedula hypoleuca_European Pied Flycatcher;data_input_lyd/test.wav;test.wav;4348;svarthvit fluesnapper;Muscicapidae;fluesnapperfamilien;Passeriformes;spurvefugler;;;4348;LC
Barn Swallow;Hirundo rustica;384.0;387.0;0.7417044639587402;Hirundo rustica_Barn Swallow;data_input_lyd/test.wav;test.wav;4277;låvesvale;Hirundinidae;svalefamilien;Passeriformes;spurvefugler;;;4277;LC
European Pied Flycatcher;Ficedula hypoleuca;24.0;27.0;0.9966139197349548;Ficedula hypoleuca_European Pied Flycatcher;data_input_lyd/19.05.2025, 07-39.wav;19.05.2025, 07-39.wav;4348;svarthvit fluesnapper;Muscicapidae;fluesnapperfamilien;Passeriformes;spurvefugler;;;4348;LC
Redwing;Turdus iliacus;36.0;39.0;0.6083844304084778;Turdus iliacus_Redwing;data_input_lyd/19.05.2025, 07-39.wav;19.05.2025, 07-39.wav;4547;rødvingetrost;Turdidae;trostefamilien;Passeriformes;spurvefugler;;;4547;LC
European Pied Flycatcher;Ficedula hypoleuca;57.0;60.0;0.8153464794158936;Ficedula hypoleuca_European Pied Flycatcher;data_input_lyd/19.05.2025, 07-39.wav;19.05.2025, 07-39.wav;4348;svarthvit fluesnapper;Muscicapidae;fluesnapperfamilien;Passeriformes;spurvefugler;;;4348;LC
European Pied Flycatcher;Ficedula hypoleuca;60.0;63.0;0.7877737283706665;Ficedula hypoleuca_European Pied Flycatcher;data_input_lyd/19.05.2025, 07-39.wav;19.05.2025, 07-39.wav;4348;svarthvit fluesnapper;Muscicapidae;fluesnapperfamilien;Passeriformes;spurvefugler;;;4348;LC
European Pied Flycatcher;Ficedula hypoleuca;63.0;66.0;0.9493625164031982;Ficedula hypoleuca_European Pied Flycatcher;data_input_lyd/19.05.2025, 07-39.wav;19.05.2025, 07-39.wav;4348;svarthvit fluesnapper;Muscicapidae;fluesnapperfamilien;Passeriformes;spurvefugler;;;4348;LC
European Pied Flycatcher;Ficedula hypoleuca;69.0;72.0;0.9715014696121216;Ficedula hypoleuca_European Pied Flycatcher;data_input_lyd/19.05.2025, 07-39.wav;19.05.2025, 07-39.wav;4348;svarthvit fluesnapper;Muscicapidae;fluesnapperfamilien;Passeriformes;spurvefugler;;;4348;LC
European Pied Flycatcher;Ficedula hypoleuca;75.0;78.0;0.9517754316329956;Ficedula hypoleuca_European Pied Flycatcher;data_input_lyd/19.05.2025, 07-39.wav;19.05.2025, 07-39.wav;4348;svarthvit fluesnapper;Muscicapidae;fluesnapperfamilien;Passeriformes;spurvefugler;;;4348;LC
European Pied Flycatcher;Ficedula hypoleuca;84.0;87.0;0.9584706425666809;Ficedula hypoleuca_European Pied Flycatcher;data_input_lyd/19.05.2025, 07-39.wav;19.05.2025, 07-39.wav;4348;svarthvit fluesnapper;Muscicapidae;fluesnapperfamilien;Passeriformes;spurvefugler;;;4348;LC
European Pied Flycatcher;Ficedula hypoleuca;93.0;96.0;0.7756074070930481;Ficedula hypoleuca_European Pied Flycatcher;data_input_lyd/19.05.2025, 07-39.wav;19.05.2025, 07-39.wav;4348;svarthvit fluesnapper;Muscicapidae;fluesnapperfamilien;Passeriformes;spurvefugler;;;4348;LC
Common Chiffchaff;Phylloscopus collybita;96.0;99.0;0.6750503182411194;Phylloscopus collybita_Common Chiffchaff;data_input_lyd/19.05.2025, 07-39.wav;19.05.2025, 07-39.wav;4458;gransanger;Phylloscopidae;bladsangerfamilien;Passeriformes;spurvefugler;;;4458;LC
European Pied Flycatcher;Ficedula hypoleuca;99.0;102.0;0.9256378412246704;Ficedula hypoleuca_European Pied Flycatcher;data_input_lyd/19.05.2025, 07-39.wav;19.05.2025, 07-39.wav;4348;svarthvit fluesnapper;Muscicapidae;fluesnapperfamilien;Passeriformes;spurvefugler;;;4348;LC
European Pied Flycatcher;Ficedula hypoleuca;111.0;114.0;0.6885941624641418;Ficedula hypoleuca_European Pied Flycatcher;data_input_lyd/19.05.2025, 07-39.wav;19.05.2025, 07-39.wav;4348;svarthvit fluesnapper;Muscicapidae;fluesnapperfamilien;Passeriformes;spurvefugler;;;4348;LC
Redwing;Turdus iliacus;129.0;132.0;0.7835286855697632;Turdus iliacus_Redwing;data_input_lyd/19.05.2025, 07-39.wav;19.05.2025, 07-39.wav;4547;rødvingetrost;Turdidae;trostefamilien;Passeriformes;spurvefugler;;;4547;LC
Common Chiffchaff;Phylloscopus collybita;144.0;147.0;0.6305808424949646;Phylloscopus collybita_Common Chiffchaff;data_input_lyd/19.05.2025, 07-39.wav;19.05.2025, 07-39.wav;4458;gransanger;Phylloscopidae;bladsangerfamilien;Passeriformes;spurvefugler;;;4458;LC
Common Chiffchaff;Phylloscopus collybita;177.0;180.0;0.6848072409629822;Phylloscopus collybita_Common Chiffchaff;data_input_lyd/19.05.2025, 07-39.wav;19.05.2025, 07-39.wav;4458;gransanger;Phylloscopidae;bladsangerfamilien;Passeriformes;spurvefugler;;;4458;LC
Common Chiffchaff;Phylloscopus collybita;192.0;195.0;0.7897356748580933;Phylloscopus collybita_Common Chiffchaff;data_input_lyd/19.05.2025, 07-39.wav;19.05.2025, 07-39.wav;4458;gransanger;Phylloscopidae;bladsangerfamilien;Passeriformes;spurvefugler;;;4458;LC
European Pied Flycatcher;Ficedula hypoleuca;225.0;228.0;0.912283182144165;Ficedula hypoleuca_European Pied Flycatcher;data_input_lyd/19.05.2025, 07-39.wav;19.05.2025, 07-39.wav;4348;svarthvit fluesnapper;Muscicapidae;fluesnapperfamilien;Passeriformes;spurvefugler;;;4348;LC
Common Chiffchaff;Phylloscopus collybita;228.0;231.0;0.701434850692749;Phylloscopus collybita_Common Chiffchaff;data_input_lyd/19.05.2025, 07-39.wav;19.05.2025, 07-39.wav;4458;gransanger;Phylloscopidae;bladsangerfamilien;Passeriformes;spurvefugler;;;4458;LC
European Pied Flycatcher;Ficedula hypoleuca;231.0;234.0;0.7127057909965515;Ficedula hypoleuca_European Pied Flycatcher;data_input_lyd/19.05.2025, 07-39.wav;19.05.2025, 07-39.wav;4348;svarthvit fluesnapper;Muscicapidae;fluesnapperfamilien;Passeriformes;spurvefugler;;;4348;LC
European Pied Flycatcher;Ficedula hypoleuca;237.0;240.0;0.9283632040023804;Ficedula hypoleuca_European Pied Flycatcher;data_input_lyd/19.05.2025, 07-39.wav;19.05.2025, 07-39.wav;4348;svarthvit fluesnapper;Muscicapidae;fluesnapperfamilien;Passeriformes;spurvefugler;;;4348;LC
European Pied Flycatcher;Ficedula hypoleuca;243.0;246.0;0.6112329959869385;Ficedula hypoleuca_European Pied Flycatcher;data_input_lyd/19.05.2025, 07-39.wav;19.05.2025, 07-39.wav;4348;svarthvit fluesnapper;Muscicapidae;fluesnapperfamilien;Passeriformes;spurvefugler;;;4348;LC
European Pied Flycatcher;Ficedula hypoleuca;249.0;252.0;0.9766517281532288;Ficedula hypoleuca_European Pied Flycatcher;data_input_lyd/19.05.2025, 07-39.wav;19.05.2025, 07-39.wav;4348;svarthvit fluesnapper;Muscicapidae;fluesnapperfamilien;Passeriformes;spurvefugler;;;4348;LC
Common Chiffchaff;Phylloscopus collybita;258.0;261.0;0.7166571617126465;Phylloscopus collybita_Common Chiffchaff;data_input_lyd/19.05.2025, 07-39.wav;19.05.2025, 07-39.wav;4458;gransanger;Phylloscopidae;bladsangerfamilien;Passeriformes;spurvefugler;;;4458;LC
Twite;Linaria flavirostris;270.0;273.0;0.9317579865455627;Linaria flavirostris_Twite;data_input_lyd/19.05.2025, 07-39.wav;19.05.2025, 07-39.wav;204597;bergirisk;Fringillidae;finkefamilien;Passeriformes;spurvefugler;;;204597;LC
Common Gull;Larus canus;279.0;282.0;0.8322658538818359;Larus canus_Common Gull;data_input_lyd/19.05.2025, 07-39.wav;19.05.2025, 07-39.wav;3681;fiskemåke;Laridae;måkefamilien;Charadriiformes;vade-, måke- og alkefugler;;;3681;VU
Common Gull;Larus canus;285.0;288.0;0.8023092746734619;Larus canus_Common Gull;data_input_lyd/19.05.2025, 07-39.wav;19.05.2025, 07-39.wav;3681;fiskemåke;Laridae;måkefamilien;Charadriiformes;vade-, måke- og alkefugler;;;3681;VU
Common Gull;Larus canus;288.0;291.0;0.7683703303337097;Larus canus_Common Gull;data_input_lyd/19.05.2025, 07-39.wav;19.05.2025, 07-39.wav;3681;fiskemåke;Laridae;måkefamilien;Charadriiformes;vade-, måke- og alkefugler;;;3681;VU
Common Gull;Larus canus;297.0;300.0;0.6090664863586426;Larus canus_Common Gull;data_input_lyd/19.05.2025, 07-39.wav;19.05.2025, 07-39.wav;3681;fiskemåke;Laridae;måkefamilien;Charadriiformes;vade-, måke- og alkefugler;;;3681;VU
Common Gull;Larus canus;300.0;303.0;0.6532433032989502;Larus canus_Common Gull;data_input_lyd/19.05.2025, 07-39.wav;19.05.2025, 07-39.wav;3681;fiskemåke;Laridae;måkefamilien;Charadriiformes;vade-, måke- og alkefugler;;;3681;VU
Common Gull;Larus canus;303.0;306.0;0.8184401988983154;Larus canus_Common Gull;data_input_lyd/19.05.2025, 07-39.wav;19.05.2025, 07-39.wav;3681;fiskemåke;Laridae;måkefamilien;Charadriiformes;vade-, måke- og alkefugler;;;3681;VU
Common Gull;Larus canus;306.0;309.0;0.679999589920044;Larus canus_Common Gull;data_input_lyd/19.05.2025, 07-39.wav;19.05.2025, 07-39.wav;3681;fiskemåke;Laridae;måkefamilien;Charadriiformes;vade-, måke- og alkefugler;;;3681;VU
Common Gull;Larus canus;312.0;315.0;0.6856955885887146;Larus canus_Common Gull;data_input_lyd/19.05.2025, 07-39.wav;19.05.2025, 07-39.wav;3681;fiskemåke;Laridae;måkefamilien;Charadriiformes;vade-, måke- og alkefugler;;;3681;VU
Fieldfare;Turdus pilaris;315.0;318.0;0.779427170753479;Turdus pilaris_Fieldfare;data_input_lyd/19.05.2025, 07-39.wav;19.05.2025, 07-39.wav;4559;gråtrost;Turdidae;trostefamilien;Passeriformes;spurvefugler;;;4559;LC
European Pied Flycatcher;Ficedula hypoleuca;333.0;336.0;0.9793434143066406;Ficedula hypoleuca_European Pied Flycatcher;data_input_lyd/19.05.2025, 07-39.wav;19.05.2025, 07-39.wav;4348;svarthvit fluesnapper;Muscicapidae;fluesnapperfamilien;Passeriformes;spurvefugler;;;4348;LC
Common Chiffchaff;Phylloscopus collybita;342.0;345.0;0.8686231970787048;Phylloscopus collybita_Common Chiffchaff;data_input_lyd/19.05.2025, 07-39.wav;19.05.2025, 07-39.wav;4458;gransanger;Phylloscopidae;bladsangerfamilien;Passeriformes;spurvefugler;;;4458;LC
European Pied Flycatcher;Ficedula hypoleuca;348.0;351.0;0.6489713788032532;Ficedula hypoleuca_European Pied Flycatcher;data_input_lyd/19.05.2025, 07-39.wav;19.05.2025, 07-39.wav;4348;svarthvit fluesnapper;Muscicapidae;fluesnapperfamilien;Passeriformes;spurvefugler;;;4348;LC
Common Chiffchaff;Phylloscopus collybita;357.0;360.0;0.9182837009429932;Phylloscopus collybita_Common Chiffchaff;data_input_lyd/19.05.2025, 07-39.wav;19.05.2025, 07-39.wav;4458;gransanger;Phylloscopidae;bladsangerfamilien;Passeriformes;spurvefugler;;;4458;LC
European Pied Flycatcher;Ficedula hypoleuca;360.0;363.0;0.6494795680046082;Ficedula hypoleuca_European Pied Flycatcher;data_input_lyd/19.05.2025, 07-39.wav;19.05.2025, 07-39.wav;4348;svarthvit fluesnapper;Muscicapidae;fluesnapperfamilien;Passeriformes;spurvefugler;;;4348;LC
Common Chiffchaff;Phylloscopus collybita;375.0;378.0;0.6694865822792053;Phylloscopus collybita_Common Chiffchaff;data_input_lyd/19.05.2025, 07-39.wav;19.05.2025, 07-39.wav;4458;gransanger;Phylloscopidae;bladsangerfamilien;Passeriformes;spurvefugler;;;4458;LC
European Pied Flycatcher;Ficedula hypoleuca;381.0;384.0;0.752196729183197;Ficedula hypoleuca_European Pied Flycatcher;data_input_lyd/19.05.2025, 07-39.wav;19.05.2025, 07-39.wav;4348;svarthvit fluesnapper;Muscicapidae;fluesnapperfamilien;Passeriformes;spurvefugler;;;4348;LC
Common Chiffchaff;Phylloscopus collybita;408.0;411.0;0.8422492742538452;Phylloscopus collybita_Common Chiffchaff;data_input_lyd/19.05.2025, 07-39.wav;19.05.2025, 07-39.wav;4458;gransanger;Phylloscopidae;bladsangerfamilien;Passeriformes;spurvefugler;;;4458;LC
European Pied Flycatcher;Ficedula hypoleuca;417.0;420.0;0.7947753071784973;Ficedula hypoleuca_European Pied Flycatcher;data_input_lyd/19.05.2025, 07-39.wav;19.05.2025, 07-39.wav;4348;svarthvit fluesnapper;Muscicapidae;fluesnapperfamilien;Passeriformes;spurvefugler;;;4348;LC
Common Chiffchaff;Phylloscopus collybita;423.0;426.0;0.8911401629447937;Phylloscopus collybita_Common Chiffchaff;data_input_lyd/19.05.2025, 07-39.wav;19.05.2025, 07-39.wav;4458;gransanger;Phylloscopidae;bladsangerfamilien;Passeriformes;spurvefugler;;;4458;LC
European Pied Flycatcher;Ficedula hypoleuca;435.0;438.0;0.6975041031837463;Ficedula hypoleuca_European Pied Flycatcher;data_input_lyd/19.05.2025, 07-39.wav;19.05.2025, 07-39.wav;4348;svarthvit fluesnapper;Muscicapidae;fluesnapperfamilien;Passeriformes;spurvefugler;;;4348;LC
Common Chiffchaff;Phylloscopus collybita;438.0;441.0;0.9479519724845886;Phylloscopus collybita_Common Chiffchaff;data_input_lyd/19.05.2025, 07-39.wav;19.05.2025, 07-39.wav;4458;gransanger;Phylloscopidae;bladsangerfamilien;Passeriformes;spurvefugler;;;4458;LC
Common Chiffchaff;Phylloscopus collybita;453.0;456.0;0.9842053055763245;Phylloscopus collybita_Common Chiffchaff;data_input_lyd/19.05.2025, 07-39.wav;19.05.2025, 07-39.wav;4458;gransanger;Phylloscopidae;bladsangerfamilien;Passeriformes;spurvefugler;;;4458;LC
European Pied Flycatcher;Ficedula hypoleuca;459.0;462.0;0.835908055305481;Ficedula hypoleuca_European Pied Flycatcher;data_input_lyd/19.05.2025, 07-39.wav;19.05.2025, 07-39.wav;4348;svarthvit fluesnapper;Muscicapidae;fluesnapperfamilien;Passeriformes;spurvefugler;;;4348;LC
European Pied Flycatcher;Ficedula hypoleuca;462.0;465.0;0.9726544618606567;Ficedula hypoleuca_European Pied Flycatcher;data_input_lyd/19.05.2025, 07-39.wav;19.05.2025, 07-39.wav;4348;svarthvit fluesnapper;Muscicapidae;fluesnapperfamilien;Passeriformes;spurvefugler;;;4348;LC
Reed Bunting;Emberiza schoeniclus;468.0;471.0;0.6029954552650452;Emberiza schoeniclus_Reed Bunting;data_input_lyd/19.05.2025, 07-39.wav;19.05.2025, 07-39.wav;4208;sivspurv;Emberizidae;buskspurvfamilien;Passeriformes;spurvefugler;;;4208;LC
Common Chiffchaff;Phylloscopus collybita;471.0;474.0;0.7312338352203369;Phylloscopus collybita_Common Chiffchaff;data_input_lyd/19.05.2025, 07-39.wav;19.05.2025, 07-39.wav;4458;gransanger;Phylloscopidae;bladsangerfamilien;Passeriformes;spurvefugler;;;4458;LC
Reed Bunting;Emberiza schoeniclus;486.0;489.0;0.8683837652206421;Emberiza schoeniclus_Reed Bunting;data_input_lyd/19.05.2025, 07-39.wav;19.05.2025, 07-39.wav;4208;sivspurv;Emberizidae;buskspurvfamilien;Passeriformes;spurvefugler;;;4208;LC
European Pied Flycatcher;Ficedula hypoleuca;492.0;495.0;0.866449773311615;Ficedula hypoleuca_European Pied Flycatcher;data_input_lyd/19.05.2025, 07-39.wav;19.05.2025, 07-39.wav;4348;svarthvit fluesnapper;Muscicapidae;fluesnapperfamilien;Passeriformes;spurvefugler;;;4348;LC
Common Chiffchaff;Phylloscopus collybita;501.0;504.0;0.6940346956253052;Phylloscopus collybita_Common Chiffchaff;data_input_lyd/19.05.2025, 07-39.wav;19.05.2025, 07-39.wav;4458;gransanger;Phylloscopidae;bladsangerfamilien;Passeriformes;spurvefugler;;;4458;LC
European Pied Flycatcher;Ficedula hypoleuca;507.0;510.0;0.6983334422111511;Ficedula hypoleuca_European Pied Flycatcher;data_input_lyd/19.05.2025, 07-39.wav;19.05.2025, 07-39.wav;4348;svarthvit fluesnapper;Muscicapidae;fluesnapperfamilien;Passeriformes;spurvefugler;;;4348;LC
European Pied Flycatcher;Ficedula hypoleuca;528.0;531.0;0.9736256003379822;Ficedula hypoleuca_European Pied Flycatcher;data_input_lyd/19.05.2025, 07-39.wav;19.05.2025, 07-39.wav;4348;svarthvit fluesnapper;Muscicapidae;fluesnapperfamilien;Passeriformes;spurvefugler;;;4348;LC
Common Chiffchaff;Phylloscopus collybita;534.0;537.0;0.7125698924064636;Phylloscopus collybita_Common Chiffchaff;data_input_lyd/19.05.2025, 07-39.wav;19.05.2025, 07-39.wav;4458;gransanger;Phylloscopidae;bladsangerfamilien;Passeriformes;spurvefugler;;;4458;LC
European Pied Flycatcher;Ficedula hypoleuca;537.0;540.0;0.7969725131988525;Ficedula hypoleuca_European Pied Flycatcher;data_input_lyd/19.05.2025, 07-39.wav;19.05.2025, 07-39.wav;4348;svarthvit fluesnapper;Muscicapidae;fluesnapperfamilien;Passeriformes;spurvefugler;;;4348;LC
Common Chiffchaff;Phylloscopus collybita;558.0;561.0;0.942345917224884;Phylloscopus collybita_Common Chiffchaff;data_input_lyd/19.05.2025, 07-39.wav;19.05.2025, 07-39.wav;4458;gransanger;Phylloscopidae;bladsangerfamilien;Passeriformes;spurvefugler;;;4458;LC
Common Chiffchaff;Phylloscopus collybita;570.0;573.0;0.7211861610412598;Phylloscopus collybita_Common Chiffchaff;data_input_lyd/19.05.2025, 07-39.wav;19.05.2025, 07-39.wav;4458;gransanger;Phylloscopidae;bladsangerfamilien;Passeriformes;spurvefugler;;;4458;LC
European Pied Flycatcher;Ficedula hypoleuca;573.0;576.0;0.8617076873779297;Ficedula hypoleuca_European Pied Flycatcher;data_input_lyd/19.05.2025, 07-39.wav;19.05.2025, 07-39.wav;4348;svarthvit fluesnapper;Muscicapidae;fluesnapperfamilien;Passeriformes;spurvefugler;;;4348;LC
Common Chiffchaff;Phylloscopus collybita;582.0;585.0;0.7355377078056335;Phylloscopus collybita_Common Chiffchaff;data_input_lyd/19.05.2025, 07-39.wav;19.05.2025, 07-39.wav;4458;gransanger;Phylloscopidae;bladsangerfamilien;Passeriformes;spurvefugler;;;4458;LC
European Pied Flycatcher;Ficedula hypoleuca;591.0;594.0;0.8871529698371887;Ficedula hypoleuca_European Pied Flycatcher;data_input_lyd/19.05.2025, 07-39.wav;19.05.2025, 07-39.wav;4348;svarthvit fluesnapper;Muscicapidae;fluesnapperfamilien;Passeriformes;spurvefugler;;;4348;LC
Common Chiffchaff;Phylloscopus collybita;609.0;612.0;0.7167641520500183;Phylloscopus collybita_Common Chiffchaff;data_input_lyd/19.05.2025, 07-39.wav;19.05.2025, 07-39.wav;4458;gransanger;Phylloscopidae;bladsangerfamilien;Passeriformes;spurvefugler;;;4458;LC
Common Chiffchaff;Phylloscopus collybita;621.0;624.0;0.7754673957824707;Phylloscopus collybita_Common Chiffchaff;data_input_lyd/19.05.2025, 07-39.wav;19.05.2025, 07-39.wav;4458;gransanger;Phylloscopidae;bladsangerfamilien;Passeriformes;spurvefugler;;;4458;LC
Willow Tit;Poecile montanus;642.0;645.0;0.9739513397216797;Poecile montanus_Willow Tit;data_input_lyd/19.05.2025, 07-39.wav;19.05.2025, 07-39.wav;4382;granmeis;Paridae;meisefamilien;Passeriformes;spurvefugler;;;4382;VU
Willow Tit;Poecile montanus;654.0;657.0;0.914445698261261;Poecile montanus_Willow Tit;data_input_lyd/19.05.2025, 07-39.wav;19.05.2025, 07-39.wav;4382;granmeis;Paridae;meisefamilien;Passeriformes;spurvefugler;;;4382;VU
Willow Tit;Poecile montanus;657.0;660.0;0.8069728016853333;Poecile montanus_Willow Tit;data_input_lyd/19.05.2025, 07-39.wav;19.05.2025, 07-39.wav;4382;granmeis;Paridae;meisefamilien;Passeriformes;spurvefugler;;;4382;VU
Common Chiffchaff;Phylloscopus collybita;660.0;663.0;0.7612589597702026;Phylloscopus collybita_Common Chiffchaff;data_input_lyd/19.05.2025, 07-39.wav;19.05.2025, 07-39.wav;4458;gransanger;Phylloscopidae;bladsangerfamilien;Passeriformes;spurvefugler;;;4458;LC
Common Chiffchaff;Phylloscopus collybita;672.0;675.0;0.8706908822059631;Phylloscopus collybita_Common Chiffchaff;data_input_lyd/19.05.2025, 07-39.wav;19.05.2025, 07-39.wav;4458;gransanger;Phylloscopidae;bladsangerfamilien;Passeriformes;spurvefugler;;;4458;LC
Willow Tit;Poecile montanus;675.0;678.0;0.7921993136405945;Poecile montanus_Willow Tit;data_input_lyd/19.05.2025, 07-39.wav;19.05.2025, 07-39.wav;4382;granmeis;Paridae;meisefamilien;Passeriformes;spurvefugler;;;4382;VU
Common Chiffchaff;Phylloscopus collybita;684.0;687.0;0.9756153225898743;Phylloscopus collybita_Common Chiffchaff;data_input_lyd/19.05.2025, 07-39.wav;19.05.2025, 07-39.wav;4458;gransanger;Phylloscopidae;bladsangerfamilien;Passeriformes;spurvefugler;;;4458;LC
European Pied Flycatcher;Ficedula hypoleuca;693.0;696.0;0.9977001547813416;Ficedula hypoleuca_European Pied Flycatcher;data_input_lyd/19.05.2025, 07-39.wav;19.05.2025, 07-39.wav;4348;svarthvit fluesnapper;Muscicapidae;fluesnapperfamilien;Passeriformes;spurvefugler;;;4348;LC
Common Chiffchaff;Phylloscopus collybita;696.0;699.0;0.7081221342086792;Phylloscopus collybita_Common Chiffchaff;data_input_lyd/19.05.2025, 07-39.wav;19.05.2025, 07-39.wav;4458;gransanger;Phylloscopidae;bladsangerfamilien;Passeriformes;spurvefugler;;;4458;LC
Redwing;Turdus iliacus;705.0;708.0;0.9046158790588379;Turdus iliacus_Redwing;data_input_lyd/19.05.2025, 07-39.wav;19.05.2025, 07-39.wav;4547;rødvingetrost;Turdidae;trostefamilien;Passeriformes;spurvefugler;;;4547;LC
European Pied Flycatcher;Ficedula hypoleuca;708.0;711.0;0.9779089093208313;Ficedula hypoleuca_European Pied Flycatcher;data_input_lyd/19.05.2025, 07-39.wav;19.05.2025, 07-39.wav;4348;svarthvit fluesnapper;Muscicapidae;fluesnapperfamilien;Passeriformes;spurvefugler;;;4348;LC
Common Chiffchaff;Phylloscopus collybita;711.0;714.0;0.7226029634475708;Phylloscopus collybita_Common Chiffchaff;data_input_lyd/19.05.2025, 07-39.wav;19.05.2025, 07-39.wav;4458;gransanger;Phylloscopidae;bladsangerfamilien;Passeriformes;spurvefugler;;;4458;LC
European Pied Flycatcher;Ficedula hypoleuca;714.0;717.0;0.916128933429718;Ficedula hypoleuca_European Pied Flycatcher;data_input_lyd/19.05.2025, 07-39.wav;19.05.2025, 07-39.wav;4348;svarthvit fluesnapper;Muscicapidae;fluesnapperfamilien;Passeriformes;spurvefugler;;;4348;LC
European Pied Flycatcher;Ficedula hypoleuca;720.0;723.0;0.9948217868804932;Ficedula hypoleuca_European Pied Flycatcher;data_input_lyd/19.05.2025, 07-39.wav;19.05.2025, 07-39.wav;4348;svarthvit fluesnapper;Muscicapidae;fluesnapperfamilien;Passeriformes;spurvefugler;;;4348;LC
European Pied Flycatcher;Ficedula hypoleuca;726.0;729.0;0.8944154381752014;Ficedula hypoleuca_European Pied Flycatcher;data_input_lyd/19.05.2025, 07-39.wav;19.05.2025, 07-39.wav;4348;svarthvit fluesnapper;Muscicapidae;fluesnapperfamilien;Passeriformes;spurvefugler;;;4348;LC
European Pied Flycatcher;Ficedula hypoleuca;732.0;735.0;0.6769105792045593;Ficedula hypoleuca_European Pied Flycatcher;data_input_lyd/19.05.2025, 07-39.wav;19.05.2025, 07-39.wav;4348;svarthvit fluesnapper;Muscicapidae;fluesnapperfamilien;Passeriformes;spurvefugler;;;4348;LC
European Pied Flycatcher;Ficedula hypoleuca;738.0;741.0;0.9963699579238892;Ficedula hypoleuca_European Pied Flycatcher;data_input_lyd/19.05.2025, 07-39.wav;19.05.2025, 07-39.wav;4348;svarthvit fluesnapper;Muscicapidae;fluesnapperfamilien;Passeriformes;spurvefugler;;;4348;LC
European Pied Flycatcher;Ficedula hypoleuca;744.0;747.0;0.7007744312286377;Ficedula hypoleuca_European Pied Flycatcher;data_input_lyd/19.05.2025, 07-39.wav;19.05.2025, 07-39.wav;4348;svarthvit fluesnapper;Muscicapidae;fluesnapperfamilien;Passeriformes;spurvefugler;;;4348;LC
European Pied Flycatcher;Ficedula hypoleuca;750.0;753.0;0.8543077707290649;Ficedula hypoleuca_European Pied Flycatcher;data_input_lyd/19.05.2025, 07-39.wav;19.05.2025, 07-39.wav;4348;svarthvit fluesnapper;Muscicapidae;fluesnapperfamilien;Passeriformes;spurvefugler;;;4348;LC
Common Chiffchaff;Phylloscopus collybita;762.0;765.0;0.7133909463882446;Phylloscopus collybita_Common Chiffchaff;data_input_lyd/19.05.2025, 07-39.wav;19.05.2025, 07-39.wav;4458;gransanger;Phylloscopidae;bladsangerfamilien;Passeriformes;spurvefugler;;;4458;LC
European Pied Flycatcher;Ficedula hypoleuca;765.0;768.0;0.9683476686477661;Ficedula hypoleuca_European Pied Flycatcher;data_input_lyd/19.05.2025, 07-39.wav;19.05.2025, 07-39.wav;4348;svarthvit fluesnapper;Muscicapidae;fluesnapperfamilien;Passeriformes;spurvefugler;;;4348;LC
European Pied Flycatcher;Ficedula hypoleuca;771.0;774.0;0.8151947855949402;Ficedula hypoleuca_European Pied Flycatcher;data_input_lyd/19.05.2025, 07-39.wav;19.05.2025, 07-39.wav;4348;svarthvit fluesnapper;Muscicapidae;fluesnapperfamilien;Passeriformes;spurvefugler;;;4348;LC
European Pied Flycatcher;Ficedula hypoleuca;789.0;792.0;0.9951446652412415;Ficedula hypoleuca_European Pied Flycatcher;data_input_lyd/19.05.2025, 07-39.wav;19.05.2025, 07-39.wav;4348;svarthvit fluesnapper;Muscicapidae;fluesnapperfamilien;Passeriformes;spurvefugler;;;4348;LC
European Pied Flycatcher;Ficedula hypoleuca;795.0;798.0;0.9948874115943909;Ficedula hypoleuca_European Pied Flycatcher;data_input_lyd/19.05.2025, 07-39.wav;19.05.2025, 07-39.wav;4348;svarthvit fluesnapper;Muscicapidae;fluesnapperfamilien;Passeriformes;spurvefugler;;;4348;LC
Hooded Crow;Corvus cornix;798.0;801.0;0.7286815643310547;Corvus cornix_Hooded Crow;data_input_lyd/19.05.2025, 07-39.wav;19.05.2025, 07-39.wav;4164;kråke;Corvidae;kråkefamilien;Passeriformes;spurvefugler;;;4164;LC
Hooded Crow;Corvus cornix;801.0;804.0;0.667107343673706;Corvus cornix_Hooded Crow;data_input_lyd/19.05.2025, 07-39.wav;19.05.2025, 07-39.wav;4164;kråke;Corvidae;kråkefamilien;Passeriformes;spurvefugler;;;4164;LC
European Pied Flycatcher;Ficedula hypoleuca;807.0;810.0;0.9031121730804443;Ficedula hypoleuca_European Pied Flycatcher;data_input_lyd/19.05.2025, 07-39.wav;19.05.2025, 07-39.wav;4348;svarthvit fluesnapper;Muscicapidae;fluesnapperfamilien;Passeriformes;spurvefugler;;;4348;LC
European Pied Flycatcher;Ficedula hypoleuca;819.0;822.0;0.7770389318466187;Ficedula hypoleuca_European Pied Flycatcher;data_input_lyd/19.05.2025, 07-39.wav;19.05.2025, 07-39.wav;4348;svarthvit fluesnapper;Muscicapidae;fluesnapperfamilien;Passeriformes;spurvefugler;;;4348;LC
European Pied Flycatcher;Ficedula hypoleuca;825.0;828.0;0.6139406561851501;Ficedula hypoleuca_European Pied Flycatcher;data_input_lyd/19.05.2025, 07-39.wav;19.05.2025, 07-39.wav;4348;svarthvit fluesnapper;Muscicapidae;fluesnapperfamilien;Passeriformes;spurvefugler;;;4348;LC
European Pied Flycatcher;Ficedula hypoleuca;840.0;843.0;0.9869662523269653;Ficedula hypoleuca_European Pied Flycatcher;data_input_lyd/19.05.2025, 07-39.wav;19.05.2025, 07-39.wav;4348;svarthvit fluesnapper;Muscicapidae;fluesnapperfamilien;Passeriformes;spurvefugler;;;4348;LC
European Pied Flycatcher;Ficedula hypoleuca;849.0;852.0;0.8448447585105896;Ficedula hypoleuca_European Pied Flycatcher;data_input_lyd/19.05.2025, 07-39.wav;19.05.2025, 07-39.wav;4348;svarthvit fluesnapper;Muscicapidae;fluesnapperfamilien;Passeriformes;spurvefugler;;;4348;LC
European Pied Flycatcher;Ficedula hypoleuca;852.0;855.0;0.9457204937934875;Ficedula hypoleuca_European Pied Flycatcher;data_input_lyd/19.05.2025, 07-39.wav;19.05.2025, 07-39.wav;4348;svarthvit fluesnapper;Muscicapidae;fluesnapperfamilien;Passeriformes;spurvefugler;;;4348;LC
Eurasian Magpie;Pica pica;861.0;864.0;0.6656704545021057;Pica pica_Eurasian Magpie;data_input_lyd/19.05.2025, 07-39.wav;19.05.2025, 07-39.wav;4183;skjære;Corvidae;kråkefamilien;Passeriformes;spurvefugler;;;4183;LC
